Mutation,H3 Site Number,Count,DMS
V526I,510,7639,0.03435
A226V,214,7493,0.0
N491D,475,7460,0.0
K341R,328,7318,0.0442
T52A,46,6128,0.1089
S336N,323,3943,0.0
D104G,95,3852,0.1077
V147M,135,2106,0.0
A99D,91,1455,0.0
V285L,272,801,0.182
A538V,521,733,0.0
V393I,377,732,0.0
M548I,531,692,0.08255
A226T,214,687,0.0
K427R,411,662,0.0
D503Y,487,650,0.07795
V526M,510,635,0.0
A511S,495,616,0.0
I310V,297,607,0.0
D171N,159,584,0.0
K514N,498,570,0.0
E201K,189,569,0.0
I87L,80,508,0.0
R413K,397,464,0.0
E374D,358,450,0.2939
R343K,328b,448,0.0
R239S,227,422,0.0
Q234K,222,420,1.56
V363I,347,394,0.0
S519D,503,359,0.0
S519N,503,247,0.0
D243E,231,227,0.0
K64R,57,214,0.1385
L478M,462,207,0.0
K293R,280,201,0.0
V11F,5,195,0.5803
T528I,511,172,0.0
S110N,101,158,0.0
Q18R,12,158,0.0
I87T,80,157,0.0
A99S,91,148,0.0
D252N,240,139,0.5758
A230S,218,135,0.7482
A172T,160,127,0.0
V5A,-2,121,0.0
T52E,46,116,0.08219
A102V,93,93,0.01437
A172S,160,92,0.0
R498K,482,90,0.0
L8F,2,89,0.0
A156T,144,85,0.0
N325D,312,83,0.2316
E516G,500,81,0.0
R88G,81,81,0.0
G284E,271,80,0.0
I10M,4,80,0.2296
R224K,212,79,0.0
L145R,133a,78,0.0
K228R,216,77,0.4266
V14A,8,77,0.2677
K383R,367,68,0.0
K15E,9,68,0.0
I167V,155,68,0.2432
P152S,140,66,0.08283
V235I,223,63,0.0
A45S,39,62,0.0
D243K,231,61,0.0
S136G,125b,59,0.3724
R185Q,173,57,0.1254
I130T,121,55,0.1189
A230T,218,50,0.0
P505L,489,49,0.0
V285M,272,47,0.1864
E142D,131,46,0.0
A254S,242,44,0.0
M548V,531,42,0.0
N100S,92,42,0.0
R512K,496,42,0.0
P505S,489,41,0.0
A543V,526,39,0.0
N170S,158,37,0.0822
K326R,313,36,0.0
H126Y,117,35,0.0
V32I,26,35,0.0
K135N,125a,35,0.0
D113E,104,35,0.01025
I422M,406,34,0.0
M305L,292,34,0.1157
S12N,6,33,0.0
Y153H,141,33,0.0
M547I,530,33,0.1673
E492D,476,33,0.0
S372N,356,32,0.0
S16G,10,32,0.0
A156V,144,32,0.0
D70N,63,31,0.1611
T204A,192,31,0.0
I214V,202,31,0.0
I130V,121,31,0.0
K51R,45,30,0.0
A226I,214,29,0.0
S519G,503,29,0.0
D490N,474,29,0.0
N205K,193,29,0.0
M242I,230,28,0.1949
E492K,476,26,0.0
A254V,242,26,0.0
A45T,39,26,0.0
D402N,386,25,0.0
E509K,493,25,0.0
I178M,166,24,0.0
K344R,328c,24,0.0
A543T,526,24,0.0
A254T,242,24,0.0
R420K,404,24,0.0787
L338I,325,24,0.5255
V273I,261,23,0.02695
I4T,-3,23,0.0
V163L,151,23,0.09251
Q154R,142,21,0.1264
P139S,128,21,0.0
N291D,278,21,0.1017
V5I,-2,21,0.0
L111F,102,20,0.0
A102S,93,20,0.0
E492G,476,20,0.0
D252Y,240,20,0.949
E340G,327,20,0.1634
E267K,255,19,0.2676
E509D,493,19,0.3319
N170D,158,19,0.0
S519R,503,19,0.0
K388R,372,19,0.0
D171G,159,18,0.0
H24Q,18,18,0.0
F263L,251,18,0.5042
K177R,165,17,0.07822
S304N,291,17,0.06296
H126R,117,17,0.25
I178V,166,17,0.0
I351K,335,17,0.0
Q46R,40,17,0.0
E30K,24,17,0.3969
E509G,493,17,0.0
I190V,178,17,0.0
V11T,5,16,0.0
D391N,375,16,0.0
S137F,126,16,0.0
T231A,219,16,0.0
E286K,273,16,0.0
S136N,125b,16,0.3442
K275T,262a,16,0.0
T204I,192,15,0.1019
N61K,54a,15,0.218
K169R,157,15,0.03195
A539V,522,15,0.0
P337L,324,15,0.0
N181K,169,15,0.2558
S385T,369,15,0.0
L60I,54,14,0.0
D503N,487,14,0.0
R339K,326,14,0.0
M494I,478,14,0.0
I518V,502,14,0.0
N325S,312,13,0.0
V11A,5,13,0.0
K522E,506,12,0.0
K282R,269,12,0.08295
D59S,53,12,0.0
A172E,160,12,0.0
R88K,81,12,0.2396
T212A,200,12,0.0
S377N,361,12,0.0
A200V,188,12,0.0
P251S,239,11,0.0
H289Y,276,11,0.0
D113N,104,11,0.0
A102T,93,11,0.0
I10V,4,11,0.0
P152T,140,11,0.3504
A511V,495,11,0.0
A380S,364,11,0.0
K69N,62,11,0.0
M36I,30,11,0.0
G550S,533,11,0.0
D473N,457,10,0.0
L471I,455,10,0.0
R339I,326,10,0.0
Q223L,211,10,0.0
A99T,91,10,0.1048
D465N,449,10,0.0
A543S,526,10,0.0
L6F,-1,10,0.0
A156E,144,10,0.0
Y268F,256,10,0.9654
K514R,498,10,0.0
M281I,268,10,0.0
D402E,386,9,0.0
S12R,6,9,0.0
K15R,9,9,0.2209
N417K,401,9,0.01284
I401V,385,9,0.0
A230V,218,9,0.5841
D465E,449,9,0.0
K522R,506,9,0.1298
V328I,315,9,0.0711
S179T,167,9,0.0
I194V,182,9,0.0
N162S,150,8,0.0
Y369F,353,8,0.0
Q154L,142,8,0.1908
H289Q,276,8,0.0
A172V,160,8,0.0
A156S,144,8,0.0
A539T,522,8,0.0
K69E,62,8,0.0
L8I,2,8,0.2187
N417D,401,7,0.7183
T231I,219,7,0.0
V298L,285,7,0.0
I280V,267,7,0.0
L117M,108,7,0.1758
I248V,236,7,0.0
I229L,217,7,0.0
I10L,4,7,0.0
P139Q,128,7,0.0
A226E,214,7,0.0
A380V,364,7,0.0
M429I,413,7,0.0
I390V,374,7,0.5598
N416S,400,7,0.2456
I546S,529,6,0.0
N3K,-4,6,0.0
V521M,505,6,0.0
A538T,521,6,0.0
A9T,3,6,0.1731
V163M,151,6,0.0
A99E,91,6,0.0
E495G,479,6,0.0
S519I,503,6,0.0
S110I,101,6,0.0
I87V,80,6,0.3112
I214L,202,6,0.0
P337R,324,6,0.5358
K466R,450,6,0.6218
K488R,472,6,0.0644
P139T,128,6,0.256
L188I,176,6,0.0
N325T,312,6,0.1263
V164L,152,5,0.0
L513I,497,5,0.0701
A149S,137,5,0.0
S179N,167,5,0.0
T41A,35,5,0.361
K476E,460,5,0.0
N140S,129,5,0.0
E517K,501,5,0.0
E384G,368,5,0.0
L6P,-1,5,0.6537
T220N,208,5,0.0
T528A,511,5,0.0
V164M,152,5,0.0
D113G,104,5,0.0
Q18H,12,5,0.02985
E524D,508,4,0.0
K476R,460,4,0.1239
Q375L,359,4,0.0
D47N,41,4,0.0
E516K,500,4,0.314
T52S,46,4,0.0
Y529F,512,4,0.0
M547V,530,4,0.0
L313I,300,4,0.0
L7I,1,4,0.2484
Y153S,141,4,0.1776
E374G,358,4,0.0
K69R,62,4,0.0
L13I,7,4,0.0
K56R,50,4,0.0
N325K,312,4,0.0
V5L,-2,4,0.0
D503E,487,4,0.0
R343I,328b,4,0.0
I21V,15,4,0.2896
V40I,34,4,0.0
S110G,101,4,0.0
H371Q,355,4,0.0
S110R,101,4,0.0
V147A,135,4,0.0
H289N,276,4,0.3432
P210S,198,4,0.0
I422V,406,4,0.0
K461R,445,4,0.3158
N405K,389,4,0.0
Q234R,222,4,0.6493
A9S,3,3,0.0
A45V,39,3,0.0
A99V,91,3,0.0
A475V,459,3,0.0
D59N,53,3,0.0
D70E,63,3,0.6909
D70G,63,3,1.315
D84E,77,3,0.0
E30D,24,3,0.0
E201G,189,3,0.0
E384D,368,3,0.0
E423G,407,3,0.0
E495D,479,3,0.0
E495K,479,3,0.0
E516D,500,3,0.0
E517G,501,3,0.0
G284R,271,3,1.098
G527D,510a,3,0.0
I4M,-3,3,0.0
I67V,60,3,0.0
I229M,217,3,0.0
I272V,260,3,0.08384
I534V,517,3,0.0
K275R,262a,3,0.0
K344T,328c,3,0.0
L191M,179,3,0.0
N3D,-4,3,0.0
N3S,-4,3,0.05755
N112S,103,3,0.0
N199D,187,3,0.0
N205D,193,3,0.0
N205S,193,3,0.0
P152Q,140,3,0.0
P337H,324,3,0.5289
P505H,489,3,0.341
Q31K,25,3,0.0
Q46K,40,3,0.0
Q506L,490,3,0.00615
R123K,114,3,0.0
R451K,435,3,0.0
S219A,207,3,0.0
S233T,221,3,0.0
S372I,356,3,0.0
T220I,208,3,0.0
T394N,378,3,0.0
T528N,511,3,0.0
V526A,510,3,0.0
P139L,128,2,0.0
T204K,192,2,0.0
T204S,192,2,0.0
L145Q,133a,2,0.0
A74S,67,2,0.0
R98K,90,2,0.0
T220S,208,2,0.0
L338T,325,2,0.0
E286G,273,2,0.0
V521A,505,2,0.0
T231P,219,2,0.0
H256Y,244,2,0.0
S215T,203,2,0.0
P152L,140,2,0.1717
T331I,318,2,0.0
T331V,318,2,0.0
R161K,149,2,0.0
N236K,224,2,0.8454
I400V,384,2,0.0
L338R,325,2,0.2117
A230G,218,2,0.0724
I390L,374,2,0.0
S324A,311,2,0.1224
S336C,323,2,0.0
L166I,154,2,0.5871
T537A,520,2,0.0
E128K,119,2,0.0
I301V,288,2,0.0
V526L,510,2,0.0
K208Q,196,2,0.0
Q154H,142,2,0.5533
G520R,504,2,0.0
S372R,356,2,0.0
K135R,125a,2,0.1579
I178L,166,2,0.0
N302D,289,2,0.2366
L338Q,325,2,0.347
K38R,32,2,0.0
D402G,386,2,0.0
N184Y,172,2,0.01475
R512G,496,2,0.0
Q234P,222,2,0.0
L532M,515,2,0.0
G284V,271,2,0.0
G155R,143,2,0.0
L221V,209,2,0.2546
Q375K,359,2,0.0
D187G,175,2,0.0
F455Y,439,2,0.2285
S525P,509,2,0.0
D104N,95,2,0.0
I132V,123,2,0.4381
S560L,543,2,0.0
I87N,80,2,0.0
D59A,53,2,0.0
S72G,65,2,0.0
I565V,548,2,0.4499
M547L,530,2,0.0
M548T,531,2,0.0
P134S,125,2,0.3097
A441V,425,2,0.0
A254E,242,2,0.0
T52I,46,2,0.0
L188V,176,2,0.0
E509V,493,2,0.0
T143S,132,2,0.3047
N100K,92,2,0.2686
M242V,230,2,0.3212
N100Y,92,2,0.0
N103H,94,2,0.0
T175I,163,2,0.1349
T175K,163,2,0.0
N112D,103,2,0.0
K323R,310,2,0.3428
H370R,354,2,0.0
N112Y,103,2,0.0
E409V,393,2,0.0
H370Y,354,1,0.0
H311N,298,1,0.0
S137Y,126,1,0.3599
S144A,133,1,0.0
S148I,136,1,0.0
H289R,276,1,0.219
A102I,93,1,0.073
S219T,207,1,0.3582
A99G,91,1,0.0
S303T,290,1,0.0
S304G,291,1,0.1361
S304I,291,1,0.1035
H44Q,38,1,0.0
S336G,323,1,0.0
S336I,323,1,0.0
G527R,510a,1,0.0
S372C,356,1,0.0
Y213H,201,1,0.03557
S377C,361,1,0.0
G357R,341,1,0.0
S385A,369,1,0.307
G288S,275,1,0.0
S399A,383,1,0.0
S458A,442,1,0.0
S496G,480,1,0.0
S508A,492,1,0.03924
S508L,492,1,0.0
G155E,143,1,0.2727
F483L,467,1,0.0
S540G,523,1,0.0
T29K,23,1,0.0
F455L,439,1,0.0
F348S,332,1,0.0
F245Y,233,1,0.0
T52G,46,1,0.0
T52K,46,1,0.7714
T183I,171,1,0.0
T183N,171,1,0.0
E384K,368,1,0.0
E340K,327,1,0.0
E340A,327,1,0.04706
E317K,304,1,0.0
T231N,219,1,0.0
T279A,266,1,0.0
T314A,301,1,0.0
T314N,301,1,0.0
T394A,378,1,0.0
A25S,19,1,0.5411
T394S,378,1,0.0
T501A,485,1,0.0
T501K,485,1,0.0
T501M,485,1,0.0
E286D,273,1,0.0
E201V,189,1,0.08749
A9V,3,1,0.0
E50K,44,1,0.0
E2D,-5,1,0.0
V5M,-2,1,0.0
D503H,487,1,0.0
D454E,438,1,0.0608
V11L,5,1,0.0
V11M,5,1,0.0
V11S,5,1,0.0
D435N,419,1,0.0
D435G,419,1,0.0
D402Y,386,1,0.0
V89A,82,1,0.0
D391V,375,1,0.0
V147E,135,1,0.0
V147I,135,1,0.0
D364N,348,1,0.0
D364E,348,1,0.0
D243N,231,1,0.0
V164A,152,1,0.0
D113Y,104,1,0.0
D113A,104,1,0.0
V285A,272,1,0.0
D84N,77,1,0.0
D84G,77,1,0.0
A545T,528,1,0.0
M547T,530,1,0.0
M429V,413,1,0.0
M404V,388,1,0.0
A330V,317,1,0.0
N3T,-4,1,0.0
N61H,54a,1,0.0
M305V,292,1,0.0
N103S,94,1,0.0
N103Y,94,1,0.1335
N112K,103,1,0.0
V411A,395,1,0.0
N140K,129,1,0.525
N125K,116,1,0.0
M82T,75,1,0.0
N140Y,129,1,0.0
M82L,75,1,0.0
L463I,447,1,0.5157
N181I,169,1,0.0
L418F,402,1,0.0
N181S,169,1,0.0
N198S,186,1,0.0
V467A,451,1,0.0377
V467I,451,1,0.0
L313H,300,1,0.0
L313F,300,1,0.0
N405S,389,1,0.0
L188F,176,1,0.0
L166P,154,1,0.0
N417I,401,1,0.0
N424D,408,1,0.0
N426D,410,1,0.0
N462K,446,1,0.0
N480D,464,1,0.0
L145V,133a,1,0.0
P134T,125,1,0.0
L121M,112,1,0.223
L77I,70,1,0.0
V521L,505,1,0.0
L8P,2,1,0.0
K476Q,460,1,0.1319
P210L,198,1,0.0
K396R,380,1,0.0
P251Q,239,1,0.0
K388M,372,1,0.00925
P251T,239,1,0.0
P312S,299,1,0.0
K326N,313,1,0.0
P337S,324,1,0.0
Y529H,512,1,0.0
K282E,269,1,0.1321
K274N,262,1,0.0
K271R,259,1,0.0
Q18K,12,1,0.0
K271Q,259,1,0.0
Q31R,25,1,0.0
K129R,120,1,0.0
K118R,109,1,0.0
Q234L,222,1,0.0
I567V,550,1,0.0
Q360R,344,1,0.0
Q375R,359,1,0.0
A150G,138,1,0.0
Q530H,513,1,0.0
Q562E,545,1,0.0
I531T,514,1,0.0
I531M,514,1,0.0
R98Q,90,1,0.1937
V526T,510,1,0.0
R123S,114,1,0.0
I518L,502,1,0.2213
R224W,212,1,0.0
R239G,227,1,0.0
I351V,335,1,0.08287
R343G,328b,1,0.0
I264V,252,1,0.0
I229V,217,1,0.0
I214T,202,1,0.09567
Y153F,141,1,0.0
R468K,452,1,0.0
R472M,456,1,0.0
I167L,155,1,0.0
R512I,496,1,0.0
I133M,124,1,0.0
R515K,499,1,0.0
I133L,124,1,0.1829
I4L,-3,1,0.426
I4K,-3,1,0.0
H371Y,355,1,0.3434
H371L,355,1,0.0
